slug	searched_at	issue_count
02strich__pykerberos	2026-04-03T13:14:28Z	0
0x26res__ptars	2026-04-03T13:14:28Z	0
0b01001001__spectree	2026-04-03T13:14:28Z	0
10sr__flake8-no-implicit-concat	2026-04-03T13:14:28Z	0
0k__shyaml	2026-04-03T13:14:28Z	0
0x676e67__rnet	2026-04-03T13:14:28Z	0
1200wd__bitcoinlib	2026-04-03T13:14:28Z	0
1adrianb__face-alignment	2026-04-03T13:14:28Z	0
124C41p__betterproto-rust-codec	2026-04-03T13:14:28Z	0
1Password__connect-sdk-python	2026-04-03T13:14:28Z	0
15five__django-scim2	2026-04-03T13:14:28Z	0
10mohi6__slack-webhook-python	2026-04-03T13:14:29Z	0
15r10nk__inline-snapshots	2026-04-03T13:14:29Z	0
1minds3t__urllib3-lts	2026-04-03T13:14:29Z	0
20c__munge	2026-04-03T13:14:29Z	0
1ocalhost__x25519	2026-04-03T13:14:29Z	0
23andMe__Yamale	2026-04-03T13:14:29Z	0
2captcha__2captcha-python	2026-04-03T13:14:29Z	0
3-manifolds__PLink	2026-04-03T13:14:29Z	0
3-manifolds__FXrays	2026-04-03T13:14:29Z	0
3-manifolds__knot_floer_homology	2026-04-03T13:14:29Z	0
3-manifolds__Spherogram	2026-04-03T13:14:29Z	0
3-manifolds__low_index	2026-04-03T13:14:29Z	0
3-manifolds__snappy_manifolds	2026-04-03T13:14:29Z	0
3YOURMIND__django-add-default-value	2026-04-03T13:14:29Z	0
3-manifolds__tkinter_gl	2026-04-03T13:14:29Z	0
3YOURMIND__django-migration-linter	2026-04-03T13:14:29Z	0
4n4nd__prometheus-api-client-python	2026-04-03T13:14:29Z	0
50onRed__flask-datadog	2026-04-03T13:14:29Z	0
3YOURMIND__django-deprecate-fields	2026-04-03T13:14:29Z	0
5j9__wikitextparser	2026-04-03T13:14:29Z	0
AA-Turner__roman-numerals	2026-04-03T13:14:29Z	0
5afe__pysha3	2026-04-03T13:14:29Z	0
1Password__onepassword-sdk-python	2026-04-03T13:14:29Z	0
7x11x13__soundcloud.py	2026-04-03T13:14:29Z	0
ABORGT__PylertAlertManager	2026-04-03T13:14:29Z	0
514labs__moose	2026-04-03T13:14:30Z	0
ADTRAN__netconf_client	2026-04-03T13:14:30Z	0
AI-Hypercomputer__ml-goodput-measurement	2026-04-03T13:14:30Z	0
AI-Yash__st-chat	2026-04-03T13:14:30Z	0
AI4Bharat__indic-numtowords	2026-04-03T13:14:30Z	0
ARISE-Initiative__robosuite	2026-04-03T13:14:30Z	0
ALERTua__msteamsapi	2026-04-03T13:14:30Z	0
AI-Hypercomputer__pathways-utils	2026-04-03T13:14:30Z	0
ARM-DOE__pyart	2026-04-03T13:14:30Z	0
AVATEAM-IT-SYSTEMHAUS__mkdocs-kroki-plugin	2026-04-03T13:14:30Z	0
AbstractEndeavors__abstract_ai	2026-04-03T13:14:30Z	0
AbhimanyuHK__aws-psycopg2	2026-04-03T13:14:30Z	0
AMDmi3__jsonslicer	2026-04-03T13:14:30Z	0
AbstractEndeavors__abstract_gui	2026-04-03T13:14:30Z	0
AbstractEndeavors__abstract_utilities	2026-04-03T13:14:30Z	0
AcademySoftwareFoundation__OpenEXR	2026-04-03T13:14:30Z	0
AbstractUmbra__audioop	2026-04-03T13:14:30Z	0
AbstractEndeavors__abstract_webtools	2026-04-03T13:14:30Z	0
AbstractEndeavors__abstract_solcatcher	2026-04-03T13:14:30Z	0
ActiveState__appdirs	2026-04-03T13:14:30Z	0
Adyen__adyen-python-api-library	2026-04-03T13:14:30Z	0
Accruent__zoomba	2026-04-03T13:14:30Z	0
AcademySoftwareFoundation__OpenTimelineIO	2026-04-03T13:14:30Z	0
AcademySoftwareFoundation__OpenImageIO	2026-04-03T13:14:30Z	1
AgentToolkit__agent-lifecycle-toolkit	2026-04-03T13:14:30Z	0
AgentOps-AI__tokencost	2026-04-03T13:14:31Z	0
AiBrush__mutagen-rs	2026-04-03T13:14:31Z	0
AgentOps-AI__agentops	2026-04-03T13:14:31Z	1
Ailln__cn2an	2026-04-03T13:14:31Z	0
AlJohri__docx2pdf	2026-04-03T13:14:31Z	0
Aider-AI__aider	2026-04-03T13:14:31Z	0
AlejandroFrias__case-conversion	2026-04-03T13:14:31Z	0
Ailln__proces	2026-04-03T13:14:31Z	0
AleksTk__table-logger	2026-04-03T13:14:31Z	0
AlexandrErohin__TP-Link-Archer-C6U	2026-04-03T13:14:31Z	0
Aleph-Alpha__aleph-alpha-client	2026-04-03T13:14:31Z	0
AlexanderFabisch__gmr	2026-04-03T13:14:31Z	0
Alir3z4__html2text	2026-04-03T13:14:31Z	0
Alonreznik__dynamodb-json	2026-04-03T13:14:31Z	0
AlexandreDecan__portion	2026-04-03T13:14:31Z	0
Alir3z4__python-stop-words	2026-04-03T13:14:31Z	0
All-Hands-AI__ToM-SWE	2026-04-03T13:14:31Z	0
AltimateAI__datapilot-cli	2026-04-03T13:14:31Z	0
AlienVault-Labs__OTX-Python-SDK	2026-04-03T13:14:31Z	0
AmbitionEng__django-pgactivity	2026-04-03T13:14:31Z	0
AmbitionEng__django-pgbulk	2026-04-03T13:14:31Z	0
AlexDev-py__sqlite3-api	2026-04-03T13:14:31Z	0
AmbitionEng__django-pghistory	2026-04-03T13:14:31Z	0
AmbitionEng__django-pglock	2026-04-03T13:14:31Z	0
AmbitionEng__django-pgtrigger	2026-04-03T13:14:31Z	0
AmbitionEng__django-pgmigrate	2026-04-03T13:14:31Z	0
AmadeusITGroup__JumpSSH	2026-04-03T13:14:31Z	0
Ambro17__graphql-schema-diff	2026-04-03T13:14:32Z	0
AmenRa__ranx	2026-04-03T13:14:32Z	0
Andboye__Pyadomd	2026-04-03T13:14:32Z	0
AndrewAnnex__SpiceyPy	2026-04-03T13:14:32Z	1
Ankit404butfound__PyWhatKit	2026-04-03T13:14:32Z	0
Andereoo__TkinterWeb	2026-04-03T13:14:32Z	0
AndreMiras__pycaw	2026-04-03T13:14:32Z	0
AndrewIngram__django-extra-views	2026-04-03T13:14:32Z	0
AnnMarieW__dash-bootstrap-templates	2026-04-03T13:14:32Z	0
Anorov__PySocks	2026-04-03T13:14:32Z	0
AnswerDotAI__fastgit	2026-04-03T13:14:32Z	0
AnswerDotAI__execnb	2026-04-03T13:14:32Z	0
AnswerDotAI__fastcore	2026-04-03T13:14:32Z	0
Anexen__pyxirr	2026-04-03T13:14:32Z	0
AnswerDotAI__fastlite	2026-04-03T13:14:32Z	0
AnswerDotAI__fasthtml	2026-04-03T13:14:32Z	1
AnswerDotAI__fasttransform	2026-04-03T13:14:32Z	0
AnswerDotAI__apswutils	2026-04-03T13:14:32Z	0
AnswerDotAI__nbdev	2026-04-03T13:14:32Z	0
AntonKueltz__fastecdsa	2026-04-03T13:14:32Z	0
AntoineD__docstring-inheritance	2026-04-03T13:14:32Z	0
Apkawa__xlsx2html	2026-04-03T13:14:32Z	0
AntonLydike__filecheck	2026-04-03T13:14:32Z	0
ArcadeAI__arcade-py	2026-04-03T13:14:32Z	0
ArduPilot__pymavlink	2026-04-03T13:14:32Z	0
Archmonger__django-dbbackup	2026-04-03T13:14:32Z	0
ArduPilot__MAVProxy	2026-04-03T13:14:33Z	0
ApeWorX__eip712	2026-04-03T13:14:33Z	0
Arelle__Arelle	2026-04-03T13:14:33Z	1
Arize-ai__arize-otel-python	2026-04-03T13:14:33Z	0
Arize-ai__client_python	2026-04-03T13:14:33Z	0
Arize-ai__phoenix	2026-04-03T13:14:33Z	11
Arize-ai__openinference	2026-04-03T13:14:33Z	1
Atrox__haikunatorpy	2026-04-03T13:14:33Z	0
AssemblyAI__assemblyai-python-sdk	2026-04-03T13:14:33Z	0
ApeWorX__py-solc-x	2026-04-03T13:14:33Z	0
AshokShau__py-yt-search	2026-04-03T13:14:33Z	0
AudioSceneDescriptionFormat__splines	2026-04-03T13:14:33Z	0
Aunsiels__pyformlang	2026-04-03T13:14:33Z	0
Atem18__isocodes	2026-04-03T13:14:33Z	0
AxiaCore__py-expression-eval	2026-04-03T13:14:33Z	0
AutoActuary__locate	2026-04-03T13:14:33Z	0
AvishrantsSh__LicensePackage	2026-04-03T13:14:33Z	0
Axiologue__DjangoRestMultipleModels	2026-04-03T13:14:33Z	0
Azure__Azure-MachineLearning-ClientLibrary-Python	2026-04-03T13:14:33Z	0
AzureAD__azure-activedirectory-library-for-python	2026-04-03T13:14:33Z	1
Azure__azure-cli-dev-tools	2026-04-03T13:14:33Z	0
Azure__azure-data-lake-store-python	2026-04-03T13:14:33Z	0
Azure__azure-documentdb-python	2026-04-03T13:14:33Z	0
Azure__azure-functions-durable-python	2026-04-03T13:14:33Z	0
Azure__azure-cosmosdb-python	2026-04-03T13:14:33Z	0
Azure__azure-iot-sdk-python	2026-04-03T13:14:34Z	0
Azure__azure-kusto-python	2026-04-03T13:14:34Z	0
Azure__azure-multiapi-storage-python	2026-04-03T13:14:34Z	0
Azure__azure-storage-python	2026-04-03T13:14:34Z	1
Azure__azure-sdk-tools	2026-04-03T13:14:34Z	2
Authentise__pytest-raises	2026-04-03T13:14:34Z	0
Azure__azure-python-devtools	2026-04-03T13:14:34Z	0
Azure__azure-iot-hub-python	2026-04-03T13:14:34Z	0
Azure__azure-uamqp-python	2026-04-03T13:14:34Z	0
Azure__msrest-for-python	2026-04-03T13:14:34Z	1
Azure__azure-synapse-analytics	2026-04-03T13:14:34Z	0
Azure__msrestazure-for-python	2026-04-03T13:14:34Z	0
Azure__pytest-azurepipelines	2026-04-03T13:14:34Z	0
Azure__service-fabric-cli	2026-04-03T13:14:34Z	0
BCG-X-Official__pytools	2026-04-03T13:14:34Z	0
BYU-PRISM__GEKKO	2026-04-03T13:14:34Z	0
Bachmann1234__marshmallow-polyfield	2026-04-03T13:14:34Z	0
BCG-X-Official__sklearndf	2026-04-03T13:14:34Z	0
Bachmann1234__diff-cover	2026-04-03T13:14:34Z	0
Baekalfen__PyBoy	2026-04-03T13:14:34Z	0
Backblaze__B2_Command_Line_Tool	2026-04-03T13:14:34Z	1
Backblaze__b2-sdk-python	2026-04-03T13:14:34Z	0
Belval__pdf2image	2026-04-03T13:14:34Z	0
Barbora-Data-Science__pytest-integration-mark	2026-04-03T13:14:34Z	0
BYVoid__OpenCC	2026-04-03T13:14:34Z	0
Azure__azure-cli	2026-04-03T13:14:34Z	40
Benedict-Carling__spanish-conjugator	2026-04-03T13:14:34Z	0
BeanieODM__beanie	2026-04-03T13:14:34Z	0
BetaS__datetime-quarter	2026-04-03T13:14:35Z	0
Benzinga__benzinga-python-client	2026-04-03T13:14:35Z	0
Bing-su__pip-binary-factory	2026-04-03T13:14:35Z	0
Blaizzy__mlx-audio	2026-04-03T13:14:35Z	0
Blaizzy__mlx-vlm	2026-04-03T13:14:35Z	0
BingAds__BingAds-Python-SDK	2026-04-03T13:14:35Z	0
BlankSpruce__gersemi	2026-04-03T13:14:35Z	0
Blosc__python-blosc2	2026-04-03T13:14:35Z	0
BobTheBuidler__a-sync	2026-04-03T13:14:35Z	0
BobTheBuidler__faster-eth-abi	2026-04-03T13:14:35Z	0
BobTheBuidler__faster-eth-utils	2026-04-03T13:14:35Z	0
Bogdanp__dramatiq	2026-04-03T13:14:35Z	0
BobTheBuidler__cchecksum	2026-04-03T13:14:35Z	0
BoboTiG__python-mss	2026-04-03T13:14:35Z	0
Bonsanto__polygon-geohasher	2026-04-03T13:14:35Z	0
Borda__pyDeprecate	2026-04-03T13:14:35Z	0
BobTheBuidler__ypricemagic	2026-04-03T13:14:35Z	0
Bouke__docx-mailmerge	2026-04-03T13:14:35Z	0
Bobronium__copium	2026-04-03T13:14:35Z	0
BoundaryML__baml	2026-04-03T13:14:35Z	1
BrianPugh__autoregistry	2026-04-03T13:14:35Z	0
ButoVideo__s3urls	2026-04-03T13:14:35Z	0
BrianPugh__cyclopts	2026-04-03T13:14:35Z	0
CFMTech__pytest-monitor	2026-04-03T13:14:35Z	0
CERT-Polska__malduck	2026-04-03T13:14:35Z	0
BradRuderman__pyhs2	2026-04-03T13:14:35Z	0
Breakthrough__PySceneDetect	2026-04-03T13:14:35Z	0
CNChTu__FCPE	2026-04-03T13:14:36Z	0
CODAIT__hadoop-yarn-api-python-client	2026-04-03T13:14:36Z	0
CMA-ES__pycma	2026-04-03T13:14:36Z	0
CZ-NIC__pyoidc	2026-04-03T13:14:36Z	11
CadQuery__cadquery	2026-04-03T13:14:36Z	1
CalebBell__fluids	2026-04-03T13:14:36Z	0
CabbageDevelopment__qasync	2026-04-03T13:14:36Z	0
CamDavidsonPilon__autograd-gamma	2026-04-03T13:14:36Z	0
CIRISAI__CIRISVerify	2026-04-03T13:14:36Z	0
Cerebras__cerebras-cloud-sdk-python	2026-04-03T13:14:36Z	0
CamDavidsonPilon__tdigest	2026-04-03T13:14:36Z	0
Cantera__cantera	2026-04-03T13:14:36Z	0
CamDavidsonPilon__lifetimes	2026-04-03T13:14:36Z	0
CamDavidsonPilon__lifelines	2026-04-03T13:14:36Z	0
Cairnarvon__uptime	2026-04-03T13:14:36Z	0
CalebBell__chemicals	2026-04-03T13:14:36Z	0
Certora__CertoraProver	2026-04-03T13:14:36Z	0
Changaco__python-libarchive-c	2026-04-03T13:14:36Z	0
Changaco__psycopg2-pool	2026-04-03T13:14:36Z	0
Changaco__setuptools_scm_git_archive	2026-04-03T13:14:36Z	0
Chaoses-Ib__nest-asyncio2	2026-04-03T13:14:36Z	0
Checkmk__checkmk-dev-tools	2026-04-03T13:14:36Z	0
Cheesecake2960__tooth	2026-04-03T13:14:36Z	0
Chia-Network__chia_rs	2026-04-03T13:14:37Z	0
Chia-Network__clvm_rs	2026-04-03T13:14:37Z	0
Chia-Network__clvm_tools	2026-04-03T13:14:37Z	0
Chia-Network__chiapos	2026-04-03T13:14:37Z	0
Chia-Network__clvm	2026-04-03T13:14:37Z	0
Chia-Network__chiavdf	2026-04-03T13:14:37Z	0
Chainlit__chainlit	2026-04-03T13:14:37Z	4
Chia-Network__chiabip158	2026-04-03T13:14:37Z	0
Chilipp__docrep	2026-04-03T13:14:37Z	0
ChrisChross__streamlit-agraph	2026-04-03T13:14:37Z	0
CiCiUi__django-db-logger	2026-04-03T13:14:37Z	0
Chia-Network__clvm_tools_rs	2026-04-03T13:14:37Z	0
CiscoISE__ciscoisesdk	2026-04-03T13:14:37Z	0
CiscoDevNet__webexteamssdk	2026-04-03T13:14:37Z	0
CiscoTestAutomation__yang	2026-04-03T13:14:37Z	0
ClaasRostock__plotly-stubs	2026-04-03T13:14:37Z	0
Cisco-Talos__cvdupdate	2026-04-03T13:14:37Z	0
Clarifai__clarifai-python	2026-04-03T13:14:37Z	0
Chia-Network__chialisp	2026-04-03T13:14:37Z	0
ClickHouse__clickhouse-connect	2026-04-03T13:14:37Z	0
Clarifai__clarifai-protocol	2026-04-03T13:14:37Z	0
ClickHouse__mcp-clickhouse	2026-04-03T13:14:37Z	1
ClarotyICS__access_parser	2026-04-03T13:14:37Z	0
Colin-b__logging_json	2026-04-03T13:14:37Z	0
CodSpeedHQ__pytest-codspeed	2026-04-03T13:14:37Z	0
CloudHeads__lambda_utils	2026-04-03T13:14:37Z	0
Cog-Creators__Red-DiscordBot	2026-04-03T13:14:37Z	0
Colin-b__pytest_httpx	2026-04-03T13:14:37Z	0
Comfy-Org__comfy-aimdo	2026-04-03T13:14:37Z	0
Coloquinte__torchSR	2026-04-03T13:14:37Z	0
ColinDuquesnoy__QDarkStyleSheet	2026-04-03T13:14:37Z	1
Comfy-Org__comfy-cli	2026-04-03T13:14:38Z	0
Comfy-Org__comfy-kitchen	2026-04-03T13:14:38Z	0
Comfy-Org__embedded-docs	2026-04-03T13:14:38Z	0
Compliledger__comp-leo	2026-04-03T13:14:38Z	0
Compliledger__CompZ	2026-04-03T13:14:38Z	0
ComposioHQ__composio-base-py	2026-04-03T13:14:38Z	0
ConvertAPI__convertapi-python	2026-04-03T13:14:38Z	0
ComposioHQ__composio	2026-04-03T13:14:38Z	0
CoplayDev__unity-mcp	2026-04-03T13:14:38Z	1
CopilotKit__CopilotKit	2026-04-03T13:14:38Z	0
Cornices__cornice	2026-04-03T13:14:38Z	0
Cottonwood-Technology__ValidX	2026-04-03T13:14:38Z	0
CoolProp__CoolProp	2026-04-03T13:14:38Z	4
CowboyTim__python-storable	2026-04-03T13:14:38Z	0
Corvia__django-tenant-users	2026-04-03T13:14:38Z	0
CutePandaSh__zhdate	2026-04-03T13:14:38Z	0
Crimson-Crow__json-numpy	2026-04-03T13:14:38Z	0
CybOXProject__mixbox	2026-04-03T13:14:38Z	0
CybOXProject__python-cybox	2026-04-03T13:14:38Z	0
CourtBouillon__pydyf	2026-04-03T13:14:38Z	0
CrowdStrike__falconpy	2026-04-03T13:14:38Z	0
CybercentreCanada__assemblyline-core	2026-04-03T13:14:38Z	0
CybercentreCanada__assemblyline-service-server	2026-04-03T13:14:38Z	0
CybercentreCanada__Maco	2026-04-03T13:14:38Z	0
CybercentreCanada__assemblyline-base	2026-04-03T13:14:38Z	0
CybercentreCanada__assemblyline-ui	2026-04-03T13:14:39Z	0
CyberAgentAILab__cmaes	2026-04-03T13:14:39Z	0
CybercentreCanada__assemblyline-service-client	2026-04-03T13:14:39Z	0
CybercentreCanada__cart	2026-04-03T13:14:39Z	0
CybercentreCanada__assemblyline-v4-service	2026-04-03T13:14:39Z	0
Cybrid-app__cybrid-api-id-python	2026-04-03T13:14:39Z	0
Cybrid-app__cybrid-api-organization-python	2026-04-03T13:14:39Z	0
Cybrid-app__cybrid-api-bank-python	2026-04-03T13:14:39Z	0
D4Vinci__Scrapling	2026-04-03T13:14:39Z	0
DIRACGrid__DIRAC	2026-04-03T13:14:39Z	6
D3r3k23__strip_markdown	2026-04-03T13:14:39Z	0
DLR-RM__python-jsonconversion	2026-04-03T13:14:39Z	0
DLR-RM__stable-baselines3	2026-04-03T13:14:39Z	1
DP6__Marketing-Attribution-Models	2026-04-03T13:14:39Z	0
DMTF__python-redfish-library	2026-04-03T13:14:39Z	0
DanMcInerney__pymetasploit3	2026-04-03T13:14:39Z	0
DanielNoord__pydocstringformatter	2026-04-03T13:14:39Z	0
DanielT__autosar-data-py	2026-04-03T13:14:39Z	0
DahnJ__H3-Pandas	2026-04-03T13:14:39Z	0
Clarifai__clarifai-python-grpc	2026-04-03T13:14:39Z	0
Dao-AILab__flash-attention	2026-04-03T13:14:39Z	0
Dao-AILab__causal-conv1d	2026-04-03T13:14:39Z	0
DanielBok__nlopt-python	2026-04-03T13:14:39Z	0
DataDog__datadog-cdk-constructs	2026-04-03T13:14:39Z	0
DataDog__datadog-api-client-python	2026-04-03T13:14:39Z	0
DataDog__datadog-lambda-python	2026-04-03T13:14:39Z	0
DataDog__datadogpy	2026-04-03T13:14:39Z	0
DataDog__dd-trace-py	2026-04-03T13:14:39Z	4
DataDog__envier	2026-04-03T13:14:40Z	0
Datadog__dd-apm-test-agent	2026-04-03T13:14:40Z	0
DataDog__datadog-agent-dev	2026-04-03T13:14:40Z	0
DavisRayM__django-filter-stubs	2026-04-03T13:14:40Z	0
DataDome__sliceline	2026-04-03T13:14:40Z	0
David-Wobrock__sqlvalidator	2026-04-03T13:14:40Z	0
DeanWay__fastapi-versioning	2026-04-03T13:14:40Z	0
DeanWay__coverage-threshold	2026-04-03T13:14:40Z	0
DataDog__integrations-core	2026-04-03T13:14:40Z	3
DeepSpace2__StyleFrame	2026-04-03T13:14:40Z	0
Decompollaborate__mapfile_parser	2026-04-03T13:14:40Z	0
Delgan__config-formatter	2026-04-03T13:14:40Z	0
DeNederlandscheBank__name_matching	2026-04-03T13:14:40Z	0
Deepwalker__trafaret	2026-04-03T13:14:40Z	0
Delgan__win32-setctime	2026-04-03T13:14:40Z	0
Demonware__jose	2026-04-03T13:14:40Z	1
DenisCarriere__geocoder	2026-04-03T13:14:40Z	0
DerwenAI__pytextrank	2026-04-03T13:14:40Z	0
DeveloperRSquared__http-exceptions	2026-04-03T13:14:40Z	0
DavideGalilei__gpytranslate	2026-04-03T13:14:40Z	0
Diaoul__babelfish	2026-04-03T13:14:40Z	0
DigitalSlideArchive__HistomicsTK	2026-04-03T13:14:40Z	0
DiffSK__configobj	2026-04-03T13:14:40Z	0
DhiaTN__confluent-avro-py	2026-04-03T13:14:40Z	0
Di-Is__faiss-gpu-wheels	2026-04-03T13:14:41Z	0
DinoTools__python-overpy	2026-04-03T13:14:41Z	0
DisasterAWARE__aws-glue-schema-registry-python	2026-04-03T13:14:41Z	0
DevoInc__python-sdk	2026-04-03T13:14:41Z	0
DissectMalware__pyxlsb2	2026-04-03T13:14:41Z	0
Dirguis__ipfn	2026-04-03T13:14:41Z	0
DissectMalware__XLMMacroDeobfuscator	2026-04-03T13:14:41Z	0
DistrictDataLabs__yellowbrick	2026-04-03T13:14:41Z	0
Doist__todoist-api-python	2026-04-03T13:14:41Z	0
DreamLab__memoize	2026-04-03T13:14:41Z	0
Dobatymo__turbojpeg-python	2026-04-03T13:14:41Z	0
DoctorJohn__fastar	2026-04-03T13:14:41Z	0
DoubleCiti__mongodb-migrations	2026-04-03T13:14:41Z	0
Drekin__win-unicode-console	2026-04-03T13:14:41Z	0
DunlapCoddingPC__pyUSPTO	2026-04-03T13:14:41Z	0
DmytroLitvinov__django-admin-inline-paginator-plus	2026-04-03T13:14:41Z	0
DudeNr33__pyinstaller-versionfile	2026-04-03T13:14:41Z	0
DynamicTimeWarping__dtw-python	2026-04-03T13:14:41Z	0
ERGO-Code__HiGHS	2026-04-03T13:14:41Z	0
Dynatrace__OneAgent-SDK-for-Python	2026-04-03T13:14:41Z	0
EPFL-Center-for-Imaging__splinebox	2026-04-03T13:14:41Z	0
ESSS__pytest-regressions	2026-04-03T13:14:41Z	0
ENOT-AutoDL__onnx2torch	2026-04-03T13:14:41Z	0
EasyPost__easypost-python	2026-04-03T13:14:41Z	0
EbodShojaei__bake	2026-04-03T13:14:41Z	0
Edinburgh-Genome-Foundry__dnachisel	2026-04-03T13:14:41Z	0
Edinburgh-Genome-Foundry__proglog	2026-04-03T13:14:42Z	0
Edinburgh-Genome-Foundry__Flametree	2026-04-03T13:14:42Z	0
ESSolutions__django-mssql-backend	2026-04-03T13:14:42Z	0
Electrostatics__mmcif_pdbx	2026-04-03T13:14:42Z	0
Edward-Knight__landlock	2026-04-03T13:14:42Z	0
Edinburgh-Genome-Foundry__python_codon_tables	2026-04-03T13:14:42Z	0
EleutherAI__tqdm-multiprocess	2026-04-03T13:14:42Z	0
EntilZha__PyFunctional	2026-04-03T13:14:42Z	0
Elijas__sec-downloader	2026-04-03T13:14:42Z	0
EnergieID__entsoe-py	2026-04-03T13:14:42Z	0
Eliav2__tkinterdnd2	2026-04-03T13:14:42Z	0
EleutherAI__lm-evaluation-harness	2026-04-03T13:14:42Z	0
Eppo-exp__rust-sdk	2026-04-03T13:14:42Z	0
Eric-Canas__ConditionalCache	2026-04-03T13:14:42Z	0
Eric-Canas__qrdet	2026-04-03T13:14:42Z	0
DeepLcom__deepl-python	2026-04-03T13:14:42Z	0
Eric-Canas__CircularDict	2026-04-03T13:14:42Z	0
Eric-Canas__qreader	2026-04-03T13:14:42Z	0
Eric-Canas__quadrilateral-fitter	2026-04-03T13:14:42Z	0
Esri__lerc	2026-04-03T13:14:42Z	0
Erotemic__ubelt	2026-04-03T13:14:42Z	0
Erotemic__xdoctest	2026-04-03T13:14:42Z	0
Eventual-Inc__Daft	2026-04-03T13:14:42Z	0
EuroDNS__certbot-dns-eurodns	2026-04-03T13:14:42Z	0
Exirel__python-xmlunittest	2026-04-03T13:14:42Z	0
Exirel__pylint-json2html	2026-04-03T13:14:43Z	0
FHPythonUtils__FHConfParser	2026-04-03T13:14:43Z	0
FHPythonUtils__BlendModes	2026-04-03T13:14:43Z	0
Ezibenroc__PyRoaringBitMap	2026-04-03T13:14:43Z	0
F5Networks__f5-icontrol-rest-python	2026-04-03T13:14:43Z	0
FL550__simple_dwd_weatherforecast	2026-04-03T13:14:43Z	0
FRosner__drunken-data-quality	2026-04-03T13:14:43Z	0
F-Tag__python-vad	2026-04-03T13:14:43Z	0
FXTi__llvmdemangle	2026-04-03T13:14:43Z	0
FHPythonUtils__LicenseCheck	2026-04-03T13:14:43Z	0
FacePerceiver__facer	2026-04-03T13:14:43Z	0
Farama-Foundation__Arcade-Learning-Environment	2026-04-03T13:14:43Z	0
Farama-Foundation__Farama-Notifications	2026-04-03T13:14:43Z	0
FactoryBoy__factory_boy	2026-04-03T13:14:43Z	0
Farama-Foundation__Shimmy	2026-04-03T13:14:43Z	0
Fatal1ty__aioapns	2026-04-03T13:14:43Z	0
Farama-Foundation__Jumpy	2026-04-03T13:14:43Z	0
Farama-Foundation__Gymnasium	2026-04-03T13:14:43Z	0
Figglewatts__cidr-trie	2026-04-03T13:14:43Z	0
Farama-Foundation__gym-notices	2026-04-03T13:14:43Z	0
FindDefinition__ccimport	2026-04-03T13:14:43Z	0
Farama-Foundation__PettingZoo	2026-04-03T13:14:43Z	0
FiligranHQ__filigran-sseclient	2026-04-03T13:14:43Z	0
FindDefinition__PCCM	2026-04-03T13:14:43Z	0
Fatal1ty__mashumaro	2026-04-03T13:14:44Z	0
FelixSchwarz__mjml-python	2026-04-03T13:14:44Z	0
FirebirdSQL__fdb	2026-04-03T13:14:44Z	0
FirebirdSQL__python3-driver	2026-04-03T13:14:44Z	0
FelixTheC__strongtyping	2026-04-03T13:14:44Z	0
FlorianREGAZ__Python-Tls-Client	2026-04-03T13:14:44Z	0
Flagsmith__flagsmith-engine	2026-04-03T13:14:44Z	0
FirefighterBlu3__python-pam	2026-04-03T13:14:44Z	0
FlorianRhiem__pyGLFW	2026-04-03T13:14:44Z	0
FreeOpcUa__opcua-asyncio	2026-04-03T13:14:44Z	1
Exelscior__logging-azure-rest	2026-04-03T13:14:44Z	0
FlagOpen__FlagEmbedding	2026-04-03T13:14:44Z	0
FortAwesome__Font-Awesome	2026-04-03T13:14:44Z	0
Fokko__mmhash	2026-04-03T13:14:44Z	0
Freed-Wu__astyle-wheel	2026-04-03T13:14:44Z	0
FirebirdSQL__python3-base	2026-04-03T13:14:44Z	0
FrodeSolheim__python-lhafile	2026-04-03T13:14:44Z	0
Flask-FlatPages__Flask-FlatPages	2026-04-03T13:14:44Z	0
Freed-Wu__mdformat-ruff	2026-04-03T13:14:44Z	0
G-Research__spark-extension	2026-04-03T13:14:44Z	0
G-Research__ahocorasick_rs	2026-04-03T13:14:44Z	0
GAA-UAM__scikit-fda	2026-04-03T13:14:44Z	0
Frozen-Flask__Frozen-Flask	2026-04-03T13:14:44Z	0
FusionAuth__fusionauth-python-client	2026-04-03T13:14:44Z	0
GIT_USER_ID__GIT_REPO_ID	2026-04-03T13:14:44Z	0
GDay__django-q2	2026-04-03T13:14:44Z	0
Gallopsled__pwntools	2026-04-03T13:14:45Z	0
GaParmar__clean-fid	2026-04-03T13:14:45Z	0
GeoStat-Framework__GSTools	2026-04-03T13:14:45Z	0
Galileo-Galilei__kedro-mlflow	2026-04-03T13:14:45Z	0
GeoStat-Framework__PyKrige	2026-04-03T13:14:45Z	0
GeoStat-Framework__GSTools-Cython	2026-04-03T13:14:45Z	0
GeospatialPython__pyshp	2026-04-03T13:14:45Z	0
Genesis-Embodied-AI__gstaichi	2026-04-03T13:14:45Z	0
GateNLP__ultimate-sitemap-parser	2026-04-03T13:14:45Z	0
GetStream__stream-python	2026-04-03T13:14:45Z	0
GehirnInc__python-jwt	2026-04-03T13:14:45Z	0
GhostofGoes__getmac	2026-04-03T13:14:45Z	0
GijsTimmers__cursor	2026-04-03T13:14:45Z	0
GitGuardian__ggshield	2026-04-03T13:14:45Z	0
GitGuardian__py-gitguardian	2026-04-03T13:14:45Z	0
GetBlimp__django-rest-framework-jwt	2026-04-03T13:14:45Z	0
GibbsConsulting__django-plotly-dash	2026-04-03T13:14:45Z	1
GetStream__stream-chat-python	2026-04-03T13:14:45Z	0
GongRzhe__Office-PowerPoint-MCP-Server	2026-04-03T13:14:45Z	0
GoogleCloudPlatform__alloydb-python-connector	2026-04-03T13:14:45Z	0
GoogleCloudPlatform__appengine-python-standard	2026-04-03T13:14:45Z	0
Goldziher__tree-sitter-language-pack	2026-04-03T13:14:45Z	0
GoogleCloudPlatform__artifact-registry-python-tools	2026-04-03T13:14:45Z	0
GoogleCloudPlatform__cloud-profiler-python	2026-04-03T13:14:45Z	0
GoogleCloudPlatform__cloud-sql-python-connector	2026-04-03T13:14:45Z	0
GoogleCloudPlatform__cloudml-hypertune	2026-04-03T13:14:45Z	0
GoogleCloudPlatform__compute-image-packages	2026-04-03T13:14:46Z	0
GoogleCloudPlatform__google-auth-library-python-oauthlib	2026-04-03T13:14:46Z	0
GoogleCloudPlatform__httplib2shim	2026-04-03T13:14:46Z	0
GoogleCloudPlatform__google-cloud-python	2026-04-03T13:14:46Z	0
GoogleCloudPlatform__gcloud-python	2026-04-03T13:14:46Z	0
Gr1N__aiodogstatsd	2026-04-03T13:14:46Z	0
Google__google-reauth-python	2026-04-03T13:14:46Z	0
GoogleCloudPlatform__terraform-python-testing-helper	2026-04-03T13:14:46Z	0
GongRzhe__Office-Word-MCP-Server	2026-04-03T13:14:46Z	0
GoogleCloudPlatform__google-auth-library-python-httplib2	2026-04-03T13:14:46Z	0
GrahamDumpleton__wrapt	2026-04-03T13:14:46Z	0
GreenBuildingRegistry__usaddress-scourgify	2026-04-03T13:14:46Z	0
GrafeoDB__grafeo	2026-04-03T13:14:46Z	0
GridTools__gt4py	2026-04-03T13:14:46Z	0
GreenBuildingRegistry__yaml-config	2026-04-03T13:14:46Z	0
GoogleCloudPlatform__cloud-debug-python	2026-04-03T13:14:46Z	0
HIPS__autograd	2026-04-03T13:14:46Z	0
HKUDS__LightRAG	2026-04-03T13:14:46Z	1
HENNGE__aiodynamo	2026-04-03T13:14:46Z	0
Grk0__python-libconf	2026-04-03T13:14:46Z	0
HansBug__hbutils	2026-04-03T13:14:46Z	0
HdrHistogram__HdrHistogram_py	2026-04-03T13:14:46Z	0
HKUNLP__instructor-embedding	2026-04-03T13:14:46Z	0
HewlettPackard__py-spiffe	2026-04-03T13:14:46Z	0
HawkClaws__main_content_extractor	2026-04-03T13:14:47Z	0
Helioscene__dry-rest-permissions	2026-04-03T13:14:47Z	0
GrahamDumpleton__autowrapt	2026-04-03T13:14:47Z	0
Hipo__drf-extra-fields	2026-04-03T13:14:47Z	0
HomebrewML__HeavyBall	2026-04-03T13:14:47Z	0
HexRaysSA__ida-hcli	2026-04-03T13:14:47Z	0
HubSpot__hubspot-api-python	2026-04-03T13:14:47Z	0
HumeAI__hume-python-sdk	2026-04-03T13:14:47Z	0
HumanSignal__label-studio	2026-04-03T13:14:47Z	4
HunterMcGushion__docstr_coverage	2026-04-03T13:14:47Z	0
Hyundai-Kia-Connect__hyundai_kia_connect_api	2026-04-03T13:14:47Z	1
IBM__Drain3	2026-04-03T13:14:47Z	0
GoogleCloudPlatform__opentelemetry-operations-python	2026-04-03T13:14:47Z	0
IBM__ibm-cos-sdk-python	2026-04-03T13:14:47Z	6
IBM__ibm-cos-sdk-python-s3transfer	2026-04-03T13:14:47Z	0
IBM__jsonsubschema	2026-04-03T13:14:47Z	0
IBM__python-sdk-core	2026-04-03T13:14:47Z	0
IBM__platform-services-python-sdk	2026-04-03T13:14:47Z	0
IBM__secrets-manager-python-sdk	2026-04-03T13:14:47Z	0
IBM__vpc-python-sdk	2026-04-03T13:14:47Z	0
ICRAR__crc32c	2026-04-03T13:14:47Z	0
INESCTEC__yake	2026-04-03T13:14:48Z	0
ISEEKYAN__mbridge	2026-04-03T13:14:48Z	0
ITNG__SurveyGizmo	2026-04-03T13:14:48Z	0
ISA-tools__isa-rwval	2026-04-03T13:14:48Z	0
HojiChar__HojiChar	2026-04-03T13:14:48Z	0
IdentityPython__djangosaml2	2026-04-03T13:14:48Z	2
IlyaSkriblovsky__txredisapi	2026-04-03T13:14:48Z	0
ICRAR__ijson	2026-04-03T13:14:48Z	0
IndominusByte__fastapi-jwt-auth	2026-04-03T13:14:48Z	0
IdentityPython__pyjwkest	2026-04-03T13:14:48Z	6
IndEcol__country_converter	2026-04-03T13:14:48Z	0
IdentityPython__pysaml2	2026-04-03T13:14:48Z	4
IBM__cloudant-python-sdk	2026-04-03T13:14:48Z	0
Infinidat__infi.systray	2026-04-03T13:14:48Z	0
InfluxCommunity__influxdb3-python	2026-04-03T13:14:48Z	0
Infinidat__munch	2026-04-03T13:14:48Z	0
IngoMeyer441__simple-term-menu	2026-04-03T13:14:48Z	0
Infisical__python-sdk-official	2026-04-03T13:14:48Z	0
Infisical__sdk	2026-04-03T13:14:48Z	0
IBM__watsonx-ai-samples	2026-04-03T13:14:48Z	0
Infinidat__infi.clickhouse_orm	2026-04-03T13:14:48Z	0
Instagram__Fixit	2026-04-03T13:14:48Z	0
InsightSoftwareConsortium__ITK-Wasm	2026-04-03T13:14:48Z	0
InsightSoftwareConsortium__ITK	2026-04-03T13:14:48Z	0
InjectiveLabs__sdk-python	2026-04-03T13:14:48Z	0
IntegralDefense__splunklib	2026-04-03T13:14:48Z	0
Instagram__LibCST	2026-04-03T13:14:49Z	0
Instagram__MonkeyType	2026-04-03T13:14:49Z	0
IntelPython__mkl-service	2026-04-03T13:14:49Z	0
IntelPython__daal4py	2026-04-03T13:14:49Z	0
InteractiveComputerGraphics__splashsurf	2026-04-03T13:14:49Z	0
IntelPython__mkl_fft	2026-04-03T13:14:49Z	0
IntelRealSense__librealsense	2026-04-03T13:14:49Z	0
J535D165__recordlinkage	2026-04-03T13:14:49Z	1
JBKahn__rednose	2026-04-03T13:14:49Z	0
JAMdotTech__py-smoldot-light	2026-04-03T13:14:49Z	0
JNRowe__pyisbn	2026-04-03T13:14:49Z	0
Isaac-JL-Chen__rouge_chinese	2026-04-03T13:14:49Z	0
JaGeo__LobsterPy	2026-04-03T13:14:49Z	0
JackismyShephard__diffq	2026-04-03T13:14:49Z	0
JacksonBurns__mordred-community	2026-04-03T13:14:49Z	0
JakubAndrysek__mkdocs-open-in-new-tab	2026-04-03T13:14:49Z	0
JWCook__requests-ratelimiter	2026-04-03T13:14:49Z	0
Iotic-Labs__py-ubjson	2026-04-03T13:14:49Z	0
JakubAndrysek__MkDoxy	2026-04-03T13:14:49Z	0
JakobGM__patito	2026-04-03T13:14:49Z	0
Jaymon__dsnparse	2026-04-03T13:14:49Z	0
Isotr0py__pillow-jpegxl-plugin	2026-04-03T13:14:49Z	0
JamaSoftware__py-jama-rest-client	2026-04-03T13:14:49Z	0
Jc2k__aiohomekit	2026-04-03T13:14:49Z	0
Jc2k__pytest-docker-tools	2026-04-03T13:14:49Z	0
JeffLIrion__adb_shell	2026-04-03T13:14:49Z	0
JelleZijlstra__inspect2	2026-04-03T13:14:50Z	0
JelleZijlstra__pycroscope	2026-04-03T13:14:50Z	0
JelteF__PyLaTeX	2026-04-03T13:14:50Z	0
JelleZijlstra__aiohttp-sse-client2	2026-04-03T13:14:50Z	0
JelleZijlstra__typeshed_client	2026-04-03T13:14:50Z	0
JoMingyu__google-play-scraper	2026-04-03T13:14:50Z	0
JetBrains__intellij-community	2026-04-03T13:14:50Z	0
JessicaTegner__pypandoc	2026-04-03T13:14:50Z	0
JetBrains__teamcity-messages	2026-04-03T13:14:50Z	0
JinsuaFeito-dev__segment-anything-2	2026-04-03T13:14:50Z	0
JetBrains__lets-plot	2026-04-03T13:14:50Z	0
JoaoFelipe__apted	2026-04-03T13:14:50Z	0
JeremyCCHsu__Python-Wrapper-for-World-Vocoder	2026-04-03T13:14:50Z	0
Jijun__fastapi-cprofile	2026-04-03T13:14:50Z	0
JeanExtreme002__FlightRadarAPI	2026-04-03T13:14:50Z	0
Johannes11833__rclone_python	2026-04-03T13:14:50Z	0
JohnDoee__deluge-client	2026-04-03T13:14:50Z	0
JohannesBuchner__imagehash	2026-04-03T13:14:50Z	0
JohnDoee__pyrfc6266	2026-04-03T13:14:50Z	0
JohnOmernik__sqlalchemy-drill	2026-04-03T13:14:50Z	0
JonathanHolvey__sharepy	2026-04-03T13:14:50Z	0
JarryShaw__PyPCAPKit	2026-04-03T13:14:50Z	0
JordanMilne__Advocate	2026-04-03T13:14:51Z	0
JoshData__python-email-validator	2026-04-03T13:14:51Z	0
JoshData__fast_diff_match_patch	2026-04-03T13:14:51Z	0
JonathanSalwan__ROPgadget	2026-04-03T13:14:51Z	0
JuliaPy__pyjulia	2026-04-03T13:14:51Z	1
JudgmentLabs__judgeval	2026-04-03T13:14:51Z	0
JohnSnowLabs__spark-nlp	2026-04-03T13:14:51Z	0
JuliaPy__pyjuliapkg	2026-04-03T13:14:51Z	0
JulienPalard__Pipe	2026-04-03T13:14:51Z	0
JurajNyiri__pytapo	2026-04-03T13:14:51Z	0
JustAnotherArchivist__snscrape	2026-04-03T13:14:51Z	0
JoshuaMulliken__wyzeapy	2026-04-03T13:14:51Z	0
K0lb3__UnityPy	2026-04-03T13:14:51Z	0
K3D-tools__K3D-jupyter	2026-04-03T13:14:51Z	0
KAIR-BAIR__nerfacc	2026-04-03T13:14:51Z	0
Juniper__jxmlease	2026-04-03T13:14:51Z	0
Kaggle__kaggle-cli	2026-04-03T13:14:51Z	1
KAUTH__auto-click-auto	2026-04-03T13:14:51Z	0
Kaliiiiiiiiii-Vinyzu__patchright-python	2026-04-03T13:14:51Z	0
Kalmat__PyWinBox	2026-04-03T13:14:51Z	0
Kalmat__PyMonCtl	2026-04-03T13:14:51Z	0
Kalmat__PyWinCtl	2026-04-03T13:14:51Z	0
Kaggle__kagglesdk	2026-04-03T13:14:51Z	0
Kanaries__pygwalker	2026-04-03T13:14:51Z	0
Kemaweyan__singleton_decorator	2026-04-03T13:14:51Z	0
KenKundert__inform	2026-04-03T13:14:51Z	0
Kami__python-yubico-client	2026-04-03T13:14:51Z	0
Keeper-Security__secrets-manager	2026-04-03T13:14:51Z	0
KenanHanke__rbloom	2026-04-03T13:14:52Z	0
KapJI__ghome-foyer-api	2026-04-03T13:14:52Z	0
Kaggle__kagglehub	2026-04-03T13:14:52Z	0
KevinMusgrave__pytorch-metric-learning	2026-04-03T13:14:52Z	0
KenKundert__nestedtext	2026-04-03T13:14:52Z	0
KimiNewt__pyshark	2026-04-03T13:14:52Z	0
Kijewski__pyjson5	2026-04-03T13:14:52Z	0
KeyWeeUsr__python-dis3	2026-04-03T13:14:52Z	0
KinWaiCheuk__nnAudio	2026-04-03T13:14:52Z	0
Kicksaw-Consulting__python-soql-parser	2026-04-03T13:14:52Z	0
Kludex__mangum	2026-04-03T13:14:52Z	0
Kludex__asgi-logger	2026-04-03T13:14:52Z	0
Kludex__python-multipart	2026-04-03T13:14:52Z	0
KohakuBlueleaf__PixelOE	2026-04-03T13:14:52Z	0
Knio__pynmea2	2026-04-03T13:14:52Z	1
Knio__dominate	2026-04-03T13:14:52Z	0
Kaliiiiiiiiii-Vinyzu__CDP-Patches	2026-04-03T13:14:52Z	0
Kludex__fastapi-health	2026-04-03T13:14:52Z	0
Kozea__CairoSVG	2026-04-03T13:14:52Z	0
Kludex__uvicorn-worker	2026-04-03T13:14:52Z	0
Kozea__Pyphen	2026-04-03T13:14:52Z	0
Kozea__cssselect2	2026-04-03T13:14:52Z	0
Kozea__tinycss2	2026-04-03T13:14:52Z	0
Kotlin__kotlin-jupyter	2026-04-03T13:14:52Z	0
Kronuz__esprima-python	2026-04-03T13:14:52Z	0
Krukov__cashews	2026-04-03T13:14:52Z	0
Kozea__WeasyPrint	2026-04-03T13:14:52Z	2
Kronuz__pyScss	2026-04-03T13:14:53Z	0
KyleJamesWalker__telebot	2026-04-03T13:14:53Z	0
KxSystems__pykx	2026-04-03T13:14:53Z	0
Kylmakalle__devicecheck	2026-04-03T13:14:53Z	0
Kyligence__kylinpy	2026-04-03T13:14:53Z	0
LAION-AI__CLAP	2026-04-03T13:14:53Z	0
L0RD-ZER0__Motor-Types	2026-04-03T13:14:53Z	0
LBeaudoux__iso639	2026-04-03T13:14:53Z	0
Kyubyong__g2p	2026-04-03T13:14:53Z	0
Kludex__starlette-testclient	2026-04-03T13:14:53Z	0
KurimuzonAkuma__pyrogram	2026-04-03T13:14:53Z	0
LEW21__pydbus	2026-04-03T13:14:53Z	0
LLNL__certipy	2026-04-03T13:14:53Z	0
LaggAt__python-govee-api	2026-04-03T13:14:53Z	0
Labelbox__labelbox-python	2026-04-03T13:14:53Z	0
Laerte__aes_pkcs5	2026-04-03T13:14:53Z	0
LabD__django-session-timeout	2026-04-03T13:14:53Z	0
LambdaTest__lambdatest-python-sdk	2026-04-03T13:14:53Z	0
Lancetnik__FastDepends	2026-04-03T13:14:53Z	0
LamaAni__zthreading.py	2026-04-03T13:14:53Z	0
LabD__django-cognito-jwt	2026-04-03T13:14:53Z	1
Lawouach__WebSocket-for-Python	2026-04-03T13:14:53Z	0
Lalcs__jpholiday	2026-04-03T13:14:53Z	0
LaurentMazare__sphn	2026-04-03T13:14:53Z	0
LawfulHacker__fnmatch2	2026-04-03T13:14:54Z	0
LeandroBarone__python-ascii_magic	2026-04-03T13:14:54Z	0
Layout-Parser__layout-parser	2026-04-03T13:14:54Z	0
LeapBeyond__scrubadub	2026-04-03T13:14:54Z	0
LedgerHQ__btchip-python	2026-04-03T13:14:54Z	0
LeoVasanko__uuid7-standard	2026-04-03T13:14:54Z	0
Lightning-AI__pytorch-lightning	2026-04-03T13:14:54Z	2
Learnosity__learnosity-sdk-python	2026-04-03T13:14:54Z	0
Lightning-AI__lightning-sandbox	2026-04-03T13:14:54Z	0
LibreTranslate__MiniSBD	2026-04-03T13:14:54Z	0
LedgerHQ__ledgered	2026-04-03T13:14:54Z	0
Lightning-AI__torchmetrics	2026-04-03T13:14:54Z	0
LilSpazJoekp__docstrfmt	2026-04-03T13:14:54Z	0
Lightning-AI__litdata	2026-04-03T13:14:54Z	0
LinkupPlatform__linkup-python-sdk	2026-04-03T13:14:54Z	0
LiuLang__python3-xlib	2026-04-03T13:14:54Z	0
Lightning-AI__utilities	2026-04-03T13:14:54Z	0
LimberDuck__nessus-file-reader	2026-04-03T13:14:54Z	0
LoganBooker__prodigy-plus-schedule-free	2026-04-03T13:14:54Z	0
LowinLi__transformers-stream-generator	2026-04-03T13:14:54Z	0
Linux-cpp-lisp__opt_einsum_fx	2026-04-03T13:14:54Z	0
LucaCappelletti94__compress_json	2026-04-03T13:14:54Z	0
LucaCappelletti94__dict_hash	2026-04-03T13:14:54Z	0
LonamiWebs__Telethon	2026-04-03T13:14:54Z	2
Looong01__onnxruntime-rocm-build	2026-04-03T13:14:54Z	0
LucaCappelletti94__deflate_dict	2026-04-03T13:14:54Z	0
LudovicRousseau__PyKCS11	2026-04-03T13:14:54Z	0
LucasDuclos__AcoustoOpticTomography	2026-04-03T13:14:55Z	0
LukeRenton__free-email-domain-list	2026-04-03T13:14:55Z	0
LuminosoInsight__mecab-ko-dic	2026-04-03T13:14:55Z	0
LudovicRousseau__pyscard	2026-04-03T13:14:55Z	1
Lumiwealth__lumibot	2026-04-03T13:14:55Z	0
M0r13n__pyais	2026-04-03T13:14:55Z	0
Luqman-Ud-Din__random_user_agent	2026-04-03T13:14:55Z	0
Luthaf__vesin	2026-04-03T13:14:55Z	0
MAECProject__python-maec	2026-04-03T13:14:55Z	0
LuminalOSS__credstash	2026-04-03T13:14:55Z	0
Lilykos__pyphonetics	2026-04-03T13:14:55Z	0
Lyken17__pytorch-OpCounter	2026-04-03T13:14:55Z	0
MCP-Security-Research__pysealer	2026-04-03T13:14:55Z	0
MDAnalysis__GridDataFormats	2026-04-03T13:14:55Z	0
MIC-DKFZ__nnUNet	2026-04-03T13:14:55Z	1
MDAnalysis__mda-xdrlib	2026-04-03T13:14:55Z	0
MISP__PyMISP	2026-04-03T13:14:55Z	2
MDIL-SNU__SevenNet	2026-04-03T13:14:55Z	0
MKuranowski__aiocsv	2026-04-03T13:14:55Z	0
MaartenGr__BERTopic	2026-04-03T13:14:55Z	1
Lucretiel__autocommand	2026-04-03T13:14:55Z	0
MIT-LCP__wfdb-python	2026-04-03T13:14:55Z	0
MaaXYZ__MaaFramework	2026-04-03T13:14:55Z	0
MacHu-GWU__atlas_doc_parser-project	2026-04-03T13:14:55Z	0
MacHu-GWU__iterproxy-project	2026-04-03T13:14:56Z	0
MacHu-GWU__func_args-project	2026-04-03T13:14:56Z	0
MadcowD__ell	2026-04-03T13:14:56Z	0
MacHu-GWU__s3pathlib-project	2026-04-03T13:14:56Z	0
MagicStack__contextvars	2026-04-03T13:14:56Z	0
MacHu-GWU__sqlalchemy_mate-project	2026-04-03T13:14:56Z	0
Maples7__dict-recursive-update	2026-04-03T13:14:56Z	0
ManimCommunity__manimpango	2026-04-03T13:14:56Z	0
MarcoMuellner__openapi-python-generator	2026-04-03T13:14:56Z	0
MarkWarneke__Az.Cli	2026-04-03T13:14:56Z	0
Marco-Sulla__python-frozendict	2026-04-03T13:14:56Z	0
MagicStack__asyncpg	2026-04-03T13:14:56Z	0
MacHu-GWU__pathlib_mate-project	2026-04-03T13:14:56Z	0
MarcoGorelli__absolufy-imports	2026-04-03T13:14:56Z	0
MarketSquare__Robotframework-Database-Library	2026-04-03T13:14:56Z	0
MarketSquare__robotframework-robocop	2026-04-03T13:14:56Z	0
MaartenGr__KeyBERT	2026-04-03T13:14:56Z	0
MarketSquare__robotframework-requests	2026-04-03T13:14:56Z	0
MarketSquare__robotframework-retryfailed	2026-04-03T13:14:56Z	0
MarshalX__atproto	2026-04-03T13:14:56Z	0
MarketSquare__robotframework-tidy	2026-04-03T13:14:56Z	0
MarketSquare__robotframework-aws	2026-04-03T13:14:57Z	0
MarketSquare__robotframework-stacktrace	2026-04-03T13:14:57Z	0
MarkusSintonen__pyreqwest	2026-04-03T13:14:57Z	0
MarshalX__python-libipld	2026-04-03T13:14:57Z	0
MarshalX__tgcalls	2026-04-03T13:14:57Z	0
Martinsos__edlib	2026-04-03T13:14:57Z	0
MartinThoma__flake8-simplify	2026-04-03T13:14:57Z	0
MartinScharrer__crccheck	2026-04-03T13:14:57Z	0
MasterSergius__acachecontrol	2026-04-03T13:14:57Z	0
Mastercard__oauth1-signer-python	2026-04-03T13:14:57Z	0
MarketSquare__robotframework-browser	2026-04-03T13:14:57Z	0
MasterOdin__crayons	2026-04-03T13:14:57Z	0
MartinThoma__openpyxl-stubs	2026-04-03T13:14:57Z	0
MaterSim__pyocse	2026-04-03T13:14:57Z	0
Martiusweb__asynctest	2026-04-03T13:14:57Z	0
MarketSquare__AssertionEngine	2026-04-03T13:14:57Z	0
Matoking__python-ed25519-blake2b	2026-04-03T13:14:57Z	0
MatthewDaws__TileMapBase	2026-04-03T13:14:57Z	0
Matmaus__LnkParse	2026-04-03T13:14:57Z	0
MaterSim__PyXtal	2026-04-03T13:14:57Z	0
MatthewFlamm__pytest-homeassistant-custom-component	2026-04-03T13:14:57Z	1
MatthieuDartiailh__pyclibrary	2026-04-03T13:14:57Z	0
MatthewReid854__reliability	2026-04-03T13:14:57Z	0
Mattwmaster58__playwright_stealth	2026-04-03T13:14:58Z	0
Matthijs990__os-sys-github	2026-04-03T13:14:58Z	0
Mause__duckdb_engine	2026-04-03T13:14:58Z	0
MatthieuDartiailh__bytecode	2026-04-03T13:14:58Z	0
Mayuri-Chan__pymediainfo-pyrofork	2026-04-03T13:14:58Z	0
Meaningful-Data__vtlengine	2026-04-03T13:14:58Z	0
MatthiasValvekens__pyHanko	2026-04-03T13:14:58Z	1
Mckinsey666__bullets	2026-04-03T13:14:58Z	0
MegaIng__regex_intersections	2026-04-03T13:14:58Z	0
MeirKriheli__python-bidi	2026-04-03T13:14:58Z	0
Melevir__cognitive_complexity	2026-04-03T13:14:58Z	0
Meesho__orion	2026-04-03T13:14:58Z	0
Melevir__flake8-cognitive-complexity	2026-04-03T13:14:58Z	0
MechanicalSoup__MechanicalSoup	2026-04-03T13:14:58Z	0
Meaningful-Data__sdmx-schemas	2026-04-03T13:14:58Z	0
MengLiuPurdue__graph_lib	2026-04-03T13:14:58Z	0
Mergifyio__graphql-utils	2026-04-03T13:14:58Z	0
Metaculus__forecasting-tools	2026-04-03T13:14:58Z	0
Mergifyio__daiquiri	2026-04-03T13:14:58Z	0
MethodFi__method-python	2026-04-03T13:14:58Z	0
MichaelTatarski__fake-http-header	2026-04-03T13:14:58Z	0
MichaelGrupp__evo	2026-04-03T13:14:58Z	0
Micro-sheep__efinance	2026-04-03T13:14:58Z	0
MiCHiLU__python-functools32	2026-04-03T13:14:58Z	0
MichaelAquilina__flake8-spellcheck	2026-04-03T13:14:58Z	0
Mergifyio__sql-compare	2026-04-03T13:14:58Z	0
MicroStrategy__mstrio-py	2026-04-03T13:14:58Z	0
MichelML__django-fernet-fields	2026-04-03T13:14:59Z	0
Microsoft__ApplicationInsights-Python	2026-04-03T13:14:59Z	0
MicroPyramid__forex-python	2026-04-03T13:14:59Z	0
MiXaiLL76__faster_coco_eval	2026-04-03T13:14:59Z	0
MichaelisTrofficus__hampel_filter	2026-04-03T13:14:59Z	0
Microsoft__Recognizers-Text	2026-04-03T13:14:59Z	0
Microsoft__playwright-python	2026-04-03T13:14:59Z	2
Mimino666__langdetect	2026-04-03T13:14:59Z	0
MikhailKravets__mkdocs_puml	2026-04-03T13:14:59Z	0
Miksus__red-mail	2026-04-03T13:14:59Z	0
MihanEntalpo__allure-single-html-file	2026-04-03T13:14:59Z	0
Microsoft__jupyter-Kqlmagic	2026-04-03T13:14:59Z	0
Microsoft__presidio	2026-04-03T13:14:59Z	0
MikePopoloski__slang	2026-04-03T13:14:59Z	0
Microsoft__artifacts-keyring	2026-04-03T13:14:59Z	1
Mimino666__vokativ	2026-04-03T13:14:59Z	0
Metronome-Industries__metronome-python	2026-04-03T13:14:59Z	0
Mips2648__jeedom-daemon-py	2026-04-03T13:14:59Z	0
MladenSU__cli-mcp-server	2026-04-03T13:14:59Z	0
Modelmat__sphinxcontrib-drawio	2026-04-03T13:14:59Z	0
Modern-Treasury__modern-treasury-python	2026-04-03T13:15:00Z	0
Mohamed-512__Extra-Streamlit-Components	2026-04-03T13:15:00Z	0
MobSF__mobsfscan	2026-04-03T13:15:00Z	0
Minibrams__fastapi-decorators	2026-04-03T13:15:00Z	0
Moguri__panda3d-gltf	2026-04-03T13:15:00Z	0
MouseLand__cellpose	2026-04-03T13:15:00Z	0
Microsoft__SynapseML	2026-04-03T13:15:00Z	1
MousaZeidBaker__aws-lambda-typing	2026-04-03T13:15:00Z	0
Moguri__panda3d-simplepbr	2026-04-03T13:15:00Z	0
MrBin99__django-vite	2026-04-03T13:15:00Z	0
MozillaSecurity__fuzzfetch	2026-04-03T13:15:00Z	0
MrMrRobat__parametrize	2026-04-03T13:15:00Z	0
Microsoft__botbuilder-python	2026-04-03T13:15:00Z	0
MrDogeBro__sphinx_rtd_dark_mode	2026-04-03T13:15:00Z	0
MrPowers__chispa	2026-04-03T13:15:00Z	0
MuckRock__listcrunch	2026-04-03T13:15:00Z	0
NVIDIA-NeMo__Evaluator	2026-04-03T13:15:00Z	0
MrPowers__quinn	2026-04-03T13:15:00Z	0
Muterra__py_daemoniker	2026-04-03T13:15:00Z	0
NVIDIA__Megatron-Energon	2026-04-03T13:15:00Z	0
NVIDIA__Megatron-LM	2026-04-03T13:15:00Z	0
MyColorfulDays__jsonformatter	2026-04-03T13:15:00Z	0
NVIDIA-NeMo__Guardrails	2026-04-03T13:15:00Z	0
NVIDIA__Model-Optimizer	2026-04-03T13:15:01Z	0
MozillaSecurity__ffpuppet	2026-04-03T13:15:01Z	0
NVIDIA__NeMo-Agent-Toolkit	2026-04-03T13:15:01Z	0
NVIDIA__NVTX	2026-04-03T13:15:01Z	0
NVIDIA__cuQuantum	2026-04-03T13:15:01Z	0
NVIDIA__TensorRT	2026-04-03T13:15:01Z	2
NVIDIA__cutlass	2026-04-03T13:15:01Z	0
NVIDIA__numba-cuda	2026-04-03T13:15:01Z	0
NVIDIA__nv-ingest	2026-04-03T13:15:01Z	0
NVIDIA__TensorRT-Model-Optimizer	2026-04-03T13:15:01Z	0
NVIDIA__multi-storage-client	2026-04-03T13:15:01Z	0
NVIDIA__cuda-python	2026-04-03T13:15:01Z	1
NVIDIA__NeMo	2026-04-03T13:15:01Z	0
NVIDIA__dali	2026-04-03T13:15:01Z	1
NVIDIA__warp	2026-04-03T13:15:01Z	0
NVIDIA__nvidia-resiliency-ext	2026-04-03T13:15:01Z	0
NabuCasa__snitun	2026-04-03T13:15:01Z	0
NVIDIA__nvImageCodec	2026-04-03T13:15:01Z	0
Nasajon__nsj_rest_lib2	2026-04-03T13:15:01Z	0
NaturalHistoryMuseum__pylibdmtx	2026-04-03T13:15:01Z	0
Nasdaq__data-link-python	2026-04-03T13:15:02Z	0
Nagidal__provide_dir	2026-04-03T13:15:02Z	0
NeelShah18__emo	2026-04-03T13:15:02Z	0
Nemo2011__bilibili-api	2026-04-03T13:15:02Z	0
NXPmicro__spsdk	2026-04-03T13:15:02Z	0
Neoteroi__mkdocs-plugins	2026-04-03T13:15:02Z	0
Neoteroi__BlackSheep	2026-04-03T13:15:02Z	10
NaturalHistoryMuseum__pyzbar	2026-04-03T13:15:02Z	0
Neoteroi__essentials-openapi	2026-04-03T13:15:02Z	1
Neoteroi__rodi	2026-04-03T13:15:02Z	0
NathanChen198__streamlit-cookies-controller	2026-04-03T13:15:02Z	0
Nekmo__geoip2-tools	2026-04-03T13:15:02Z	0
Neoteroi__essentials	2026-04-03T13:15:02Z	0
NickKarpowicz__Attoworld	2026-04-03T13:15:02Z	0
NeurodataWithoutBorders__pynwb	2026-04-03T13:15:02Z	0
NeverBounce__NeverBounceApi-Python	2026-04-03T13:15:02Z	0
Netflix__spectator-py	2026-04-03T13:15:02Z	0
Nicoretti__crc	2026-04-03T13:15:02Z	0
NickolaiBeloguzov__jsonc-parser	2026-04-03T13:15:02Z	0
NiklasRosenstein__nr-python	2026-04-03T13:15:02Z	0
Nike-Inc__brickflow	2026-04-03T13:15:02Z	0
NeuralEnsemble__python-neo	2026-04-03T13:15:02Z	0
NiklasRosenstein__python-databind	2026-04-03T13:15:02Z	0
NewMode__python	2026-04-03T13:15:02Z	0
NiklasRosenstein__pydoc-markdown	2026-04-03T13:15:03Z	0
Nike-Inc__cerberus-python-client	2026-04-03T13:15:03Z	0
Nixtla__datasetsforecast	2026-04-03T13:15:03Z	0
NiklasRosenstein__python-nr.date	2026-04-03T13:15:03Z	0
Nike-Inc__koheesio	2026-04-03T13:15:03Z	0
Netflix-Skunkworks__policyuniverse	2026-04-03T13:15:03Z	0
NiklasRosenstein__python-nr.util	2026-04-03T13:15:03Z	0
Nixtla__neuralforecast	2026-04-03T13:15:03Z	0
Nixtla__mlforecast	2026-04-03T13:15:03Z	0
Nixtla__coreforecast	2026-04-03T13:15:03Z	0
Nixtla__utilsforecast	2026-04-03T13:15:03Z	0
Nixtla__nixtla	2026-04-03T13:15:03Z	0
Nixtla__statsforecast	2026-04-03T13:15:03Z	0
Nixtla__hierarchicalforecast	2026-04-03T13:15:03Z	0
NoUnique__pymecab-ko	2026-04-03T13:15:03Z	0
NoneGG__aredis	2026-04-03T13:15:03Z	0
NowanIlfideme__pydantic-yaml	2026-04-03T13:15:03Z	0
Nuitka__Nuitka	2026-04-03T13:15:03Z	9
Nv7-GitHub__googlesearch	2026-04-03T13:15:03Z	0
NordicSemiconductor__zcbor	2026-04-03T13:15:03Z	0
OCA__odoorpc	2026-04-03T13:15:03Z	0
OCHA-DAP__hdx-python-utilities	2026-04-03T13:15:03Z	0
OML-Team__open-metric-learning	2026-04-03T13:15:03Z	0
OCA__openupgradelib	2026-04-03T13:15:03Z	2
OHF-Voice__hassil	2026-04-03T13:15:04Z	0
OHF-voice__piper1-gpl	2026-04-03T13:15:04Z	0
OTA-Insight__djangosaml2idp	2026-04-03T13:15:04Z	0
OHF-Voice__sentence-stream	2026-04-03T13:15:04Z	0
OZI-Project__OZI	2026-04-03T13:15:04Z	0
OCA__pylint-odoo	2026-04-03T13:15:04Z	0
OSGeo__GDAL	2026-04-03T13:15:04Z	2
OnroerendErfgoed__language-tags	2026-04-03T13:15:04Z	0
OHF-Voice__intents	2026-04-03T13:15:04Z	0
Nixtla__tsfeatures	2026-04-03T13:15:04Z	0
OliverSherouse__wbdata	2026-04-03T13:15:04Z	0
OniOni__credentials	2026-04-03T13:15:04Z	0
OpenBigDataPlatform__pyjdbc	2026-04-03T13:15:04Z	0
OpenCTI-Platform__opencti	2026-04-03T13:15:04Z	11
OpenHands__OpenHands	2026-04-03T13:15:04Z	3
OpenIxia__ixnetwork_restpy	2026-04-03T13:15:04Z	0
OpenCageData__python-opencage-geocoder	2026-04-03T13:15:04Z	0
OpenKMIP__PyKMIP	2026-04-03T13:15:04Z	0
OpenJobDescription__openjd-sessions-for-python	2026-04-03T13:15:04Z	0
OpenAPITools__openapi-generator	2026-04-03T13:15:04Z	9
OpenMined__TenSEAL	2026-04-03T13:15:04Z	0
OpenJobDescription__openjd-model-for-python	2026-04-03T13:15:04Z	0
OpenNMT__CTranslate2	2026-04-03T13:15:04Z	0
OpenMS__OpenMS	2026-04-03T13:15:04Z	1
OpenPrinting__pycups	2026-04-03T13:15:04Z	0
OpenRouterTeam__python-sdk	2026-04-03T13:15:04Z	0
Opentrons__opentrons	2026-04-03T13:15:05Z	0
OrangeX4__latex2sympy2	2026-04-03T13:15:05Z	0
Orhideous__tinsel	2026-04-03T13:15:05Z	0
OpenSRM__storage	2026-04-03T13:15:05Z	0
OpenNTI__sphinxcontrib-programoutput	2026-04-03T13:15:05Z	0
Ouranosinc__xclim	2026-04-03T13:15:05Z	0
PINTO0309__json2onnx	2026-04-03T13:15:05Z	0
PDBeurope__ccdutils	2026-04-03T13:15:05Z	0
OrangeX4__latex2sympy	2026-04-03T13:15:05Z	0
PINTO0309__onnx2tf	2026-04-03T13:15:05Z	0
PINTO0309__sbi4onnx	2026-04-03T13:15:05Z	0
PINTO0309__scc4onnx	2026-04-03T13:15:05Z	0
PINTO0309__scs4onnx	2026-04-03T13:15:05Z	0
PINTO0309__onnx2json	2026-04-03T13:15:05Z	0
OpenLineage__OpenLineage	2026-04-03T13:15:05Z	0
PINTO0309__sio4onnx	2026-04-03T13:15:05Z	0
PINTO0309__sam4onnx	2026-04-03T13:15:05Z	0
PINTO0309__simple-onnx-processing-tools	2026-04-03T13:15:05Z	0
PINTO0309__sng4onnx	2026-04-03T13:15:05Z	0
PINTO0309__sne4onnx	2026-04-03T13:15:05Z	0
PINTO0309__sna4onnx	2026-04-03T13:15:05Z	0
PINTO0309__soa4onnx	2026-04-03T13:15:05Z	0
PINTO0309__sde4onnx	2026-04-03T13:15:06Z	0
PINTO0309__sit4onnx	2026-04-03T13:15:06Z	0
PINTO0309__soc4onnx	2026-04-03T13:15:06Z	0
PINTO0309__snd4onnx	2026-04-03T13:15:06Z	0
Orange-OpenSource__rtpy	2026-04-03T13:15:06Z	0
PINTO0309__sod4onnx	2026-04-03T13:15:06Z	0
PINTO0309__sog4onnx	2026-04-03T13:15:06Z	0
PINTO0309__ssi4onnx	2026-04-03T13:15:06Z	0
PINTO0309__spo4onnx	2026-04-03T13:15:06Z	0
PLAYG0N__mkdocs-panzoom	2026-04-03T13:15:06Z	0
PINTO0309__sor4onnx	2026-04-03T13:15:06Z	0
PablocFonseca__streamlit-aggrid	2026-04-03T13:15:06Z	0
PINTO0309__ssc4onnx	2026-04-03T13:15:06Z	0
PX4__pyulog	2026-04-03T13:15:06Z	0
PINTO0309__svs4onnx	2026-04-03T13:15:06Z	0
PabloRMira__sql_formatter	2026-04-03T13:15:06Z	0
PWZER__swagger-ui-py	2026-04-03T13:15:06Z	0
PINTO0309__sed4onnx	2026-04-03T13:15:06Z	0
PaloAltoNetworks__pan-os-python	2026-04-03T13:15:06Z	0
PagerDuty__pagerduty-api-python-client	2026-04-03T13:15:06Z	0
PaloAltoNetworks__prisma-sase-sdk-python	2026-04-03T13:15:06Z	0
Paradoxis__Flask-Unsign	2026-04-03T13:15:07Z	0
PanQiWei__AutoGPTQ	2026-04-03T13:15:07Z	0
PaddlePaddle__PaddleOCR	2026-04-03T13:15:07Z	2
ParallelSSH__ssh2-python	2026-04-03T13:15:07Z	0
ParisNeo__pipmaster	2026-04-03T13:15:07Z	0
Parallels__rq-dashboard	2026-04-03T13:15:07Z	0
Panevo__django-celery-email	2026-04-03T13:15:07Z	0
ParallelSSH__parallel-ssh	2026-04-03T13:15:07Z	0
ParisNeo__ascii_colors	2026-04-03T13:15:07Z	0
Parsely__pykafka	2026-04-03T13:15:07Z	0
ParallelSSH__ssh-python	2026-04-03T13:15:07Z	0
PavanTatikonda__itypes	2026-04-03T13:15:07Z	0
Parquery__spurplus	2026-04-03T13:15:07Z	0
Pat-Laub__hawkesbook	2026-04-03T13:15:07Z	0
Parquery__icontract	2026-04-03T13:15:07Z	0
PeRDy__starlette-prometheus	2026-04-03T13:15:07Z	0
PennyDreadfulMTG__pystache	2026-04-03T13:15:07Z	0
Penlect__rectangle-packer	2026-04-03T13:15:07Z	0
Penlect__line-protocol-parser	2026-04-03T13:15:07Z	0
PennyLaneAI__diastatic-malt	2026-04-03T13:15:07Z	0
Peter554__dc_schema	2026-04-03T13:15:07Z	0
PennyLaneAI__pennylane	2026-04-03T13:15:07Z	0
Phynix__yamlloader	2026-04-03T13:15:07Z	0
PetterS__quickjs	2026-04-03T13:15:07Z	0
PennyLaneAI__pennylane-lightning	2026-04-03T13:15:08Z	0
Peter-van-Tol__pydantic-shapely	2026-04-03T13:15:08Z	0
Pierre-Sassoulas__contributors-txt	2026-04-03T13:15:08Z	0
Picovoice__porcupine	2026-04-03T13:15:08Z	0
PieterL75__netbox_ipcalculator	2026-04-03T13:15:08Z	0
Phlya__adjustText	2026-04-03T13:15:08Z	1
Picovoice__koala	2026-04-03T13:15:08Z	0
Pierre-Sassoulas__django-zxcvbn-password-validator	2026-04-03T13:15:08Z	0
PiotrDabkowski__Js2Py	2026-04-03T13:15:08Z	0
PhiLFitters__kafe2	2026-04-03T13:15:08Z	0
Pithikos__python-websocket-server	2026-04-03T13:15:08Z	0
Peter-Slump__python-keycloak-client	2026-04-03T13:15:08Z	2
PiotrDabkowski__pyjsparser	2026-04-03T13:15:08Z	0
PixarAnimationStudios__OpenUSD	2026-04-03T13:15:08Z	0
PixelwarStudio__PyTree	2026-04-03T13:15:08Z	0
PokaInc__arnparse	2026-04-03T13:15:08Z	0
PolicyStat__HTMLParser	2026-04-03T13:15:08Z	0
Pogchamp-company__alembic-postgresql-enum	2026-04-03T13:15:08Z	0
Polymarket__poly-py-eip712-structs	2026-04-03T13:15:08Z	0
Polymarket__py-clob-client	2026-04-03T13:15:08Z	0
Portkey-AI__portkey-python-sdk	2026-04-03T13:15:08Z	0
PowerGridModel__power-grid-model	2026-04-03T13:15:08Z	1
Polymarket__py-builder-relayer-client	2026-04-03T13:15:09Z	0
